Collection,Lot ,ind,SL (mm),Lateral Line,Above Lateral Line,Below Lateral Line,Transverse,Caudal Peduncle,D1,D2,A1,P1,Dorsals attached?,Spots after R1 of D1,M/F,Locality,Notes,
UT,91.7665,1,50,42,4,5,10,13,10,12,7,14,,,,Elk ,,
UT,91.7665,2,52,42,4,6,11,15,11,12,7,14,,,,Elk ,,
UT,91.7665,3,48,41,4,5,10,14,11,12,6,13,,,,Elk ,,
UT,91.7665,4,45,45,5,6,12,15,12,13,7,14,,,,Elk ,,
UT,91.7665,5,42,43,4,6,12,15,11,13,7,12,,,,Elk ,,
UT,91.7665,6,41,45,4,6,12,14,11,10,6,13,,,,Elk ,,
UT,91.7665,7,35,42,4,6,12,16,10,9,6,14,,,,Elk ,,
UT,91.7665,8,39,44,5,7,12,14,12,12,6,13,,,,Elk ,,
UT,91.7665,9,34,41,4,5,12,16,12,12,6,13,,,,Elk ,,
UT,91.7665,10,54,46,5,7,14,15,11,13,8,14,,,,Elk ,,
UT,91.7093,1,32,44,4,6,12,16,11,11,4,14,,,,Flint,,
UT,91.7093,2,36,45,4,6,12,15,11,12,7,13,,,,Flint,,
UT,91.7093,3,33,43,4,6,12,14,11,12,5,11,,,,Flint,,
UT,91.7093,4,40,49,4,7,13,15,12,12,7,13,,,,Flint,,
UT,91.7093,5,43,47,4,6,12,16,12,12,8,14,,,,Flint,,
UT,91.7093,6,42,48,4,6,12,16,11,12,7,13,,,,Flint,,
UT,91.7093,7,40,43,4,7,12,17,12,12,7,13,,,,Flint,,
UT,91.7093,8,38,49,4,6,11,15,12,11,7,13,,,,Flint,,
UT,91.7093,9,39,46,4,6,11,15,10,12,7,14,,,,Flint,,
UT,91.7093,10,36,47,4,7,13,14,11,11,7,14,,,,Flint,,
UT,91.7093,11,36,44,4,7,13,16,11,13,7,13,,,,Flint,,
UT,91.7093,12,35,52,4,7,13,15,10,12,7,12,,,,Flint,,
UT,91.7093,13,34,48,5,8,14,15,10,11,7,12,,,,Flint,,
UT,91.7093,14,30,43,4,7,13,14,11,11,7,12,,,,Flint,,
UT,91.6255,1,37,49,5,6,12,16,11,12,7,13,,,,Elk,,
UT,91.6255,2,33,47,4,6,12,16,11,11,6,15,,,,Elk,,
UT,91.6255,3,43,56,5,6,12,17,10,12,8,14,,,,Elk,,
UT,91.6255,4,37,42,4,7,13,16,11,11,6,13,,,,Elk,,
UT,91.6255,5,33,44,5,8,14,14,11,12,5,15,,,,Elk,,
UT,91.6255,6,40,45,5,7,13,15,11,7,6,14,,,,Elk,,
UT,91.6255,7,35,50,5,6,13,15,12,11,7,16,,,,Elk,,
UT,91.6255,8,42,49,5,6,13,16,12,13,7,16,,,,Elk,,
UT,91.6128,1,40,51,5,6,13,16,10,9,8,12,,,,Elk,,
UT,91.6128,2,42,41,5,7,14,17,11,13,7,16,,,,Elk,,
UT,91.6128,3,45,47,5,6,13,17,11,12,7,14,,,,Elk,,
UT,91.6128,4,50,48,5,7,14,16,11,13,6,16,,,,Elk,,
UT,91.6128,5,51,47,5,7,14,17,11,13,7,14,,,,Elk,,
UT,91.6128,6,50,50,5,7,14,18,10,12,7,14,,,,Elk,,
UT,91.6128,7,40,47,5,7,13,15,10,12,7,16,,,,Elk,,
UT,91.6128,8,40,45,5,7,13,16,10,10,8,15,,,,Elk,,
UT,91.6128,9,43,41,5,6,12,14,11,11,7,15,,,,Elk,,
UT,91.2800,1,33,47,5,6,12,16,9,11,7,13,,,,Elk,,
UT,91.2800,2,31,42,5,6,12,16,11,11,6,15,,,,Elk,,
UT,91.2800,3,32,43,5,6,12,17,10,9,6,13,,,,Elk,,
UT,91.2800,4,35,47,5,6,12,16,12,10,8,14,,,,Elk,,
UT,91.2800,5,35,45,5,7,13,16,11,12,6,14,,,,Elk,,
UT,91.2800,6,36,46,5,7,13,17,11,12,7,15,,,,Elk,,
UT,91.2800,7,37,48,6,8,15,17,10,12,7,13,,,,Elk,,
UT,91.2800,8,35,48,5,6,12,15,11,12,7,14,,,,Elk,,
UT,91.2800,9,40,49,5,6,11,14,10,11,7,15,,,,Elk,,
UT,91.2800,10,41,51,5,6,12,16,11,12,7,13,,,,Elk,,
UT,91.2800,11,36,51,5,6,12,17,12,11,7,14,,,,Elk,,
UT,91.2800,12,42,50,5,6,12,17,11,12,6,14,,,,Elk,,
UT,91.2800,13,40,51,5,7,13,15,11,13,7,13,,,,Elk,,
UT,91.2800,14,43,45,5,6,12,15,11,12,7,14,,,,Elk,,
UT,91.2800,15,44,47,5,6,12,16,11,10,6,15,,,,Elk,,
UT,91.2800,16,47,46,5,7,13,17,10,12,7,13,,,,Elk,,
UT,91.2800,17,49,49,5,6,11,18,11,12,7,14,,,,Elk,,
UT,91.2800,18,51,49,5,7,13,17,11,13,7,14,,,,Elk,,
UT,91.2800,19,51,49,5,7,13,15,11,13,7,15,,,,Elk,,
UT,91.2800,20,50,47,5,7,13,17,12,12,7,13,,,,Elk,,
UT,91.5317,1,38,49,5,7,13,16,11,11,7,13,,,,Elk,,
UT,91.5317,2,38,44,4,7,11,16,11,10,6,15,,,,Elk,,
UT,91.5317,3,36,49,5,7,13,18,11,12,7,14,,,,Elk,,
UT,91.5317,4,34,45,5,7,13,16,11,12,6,13,,,,Elk,,
UT,91.5317,5,34,48,5,6,12,16,11,12,6,14,,,,Elk,,
UT,91.5317,6,38,47,5,8,14,16,11,13,6,14,,,,Elk,,
UT,91.5317,7,35,45,4,7,13,16,12,11,4,13,,,,Elk,,
UT,91.5317,8,36,48,5,8,13,17,11,13,8,15,,,,Elk,,
UT,91.5317,9,41,45,4,6,12,15,10,11,6,14,,,,Elk,,
UT,91.5317,10,40,46,5,7,13,16,11,11,6,15,,,,Elk,,
UT,91.5317,11,33,48,5,7,13,16,11,11,6,14,,,,Elk,,
UT,91.5317,12,31,48,4,7,12,17,11,12,7,14,,,,Elk,,
UT,91.5317,13,33,44,5,7,13,18,10,10,6,13,,,,Elk,,
UT,91.5317,14,39,50,5,6,12,16,11,12,7,15,,,,Elk,,
UT,91.5317,15,33,48,5,7,13,17,10,12,7,13,,,,Elk,,
UT,91.5317,16,37,49,5,6,12,17,11,12,6,14,,,,Elk,,
UT,91.5317,17,40,51,5,7,13,16,11,11,7,15,,,,Elk,,
UT,91.5317,18,40,49,5,7,13,17,11,13,7,16,,,,Elk,,
UT,91.5317,19,42,50,4,7,13,17,10,12,6,15,,,,Elk,,
UT,91.5317,20,41,42,4,7,13,15,10,12,6,16,,,,Elk,,
UT,91.5317,21,41,49,5,8,13,17,11,14,7,15,,,,Elk,,
UT,91.5317,22,41,51,5,7,13,17,11,11,7,14,,,,Elk,,
UT,91.5317,23,49,50,5,7,13,15,11,10,7,14,,,,Elk,,
UT,91.5317,24,42,43,5,7,13,16,11,11,6,13,,,,Elk,,
UT,91.5317,25,42,47,5,7,13,17,12,12,6,13,,,,Elk,,
UT,91.5317,26,46,44,5,8,14,17,10,11,6,13,,,,Elk,,
UT,91.5317,27,48,46,4,6,12,18,11,12,7,14,,,,Elk,,
UT,91.5317,28,46,51,5,7,13,16,11,11,7,12,,,,Elk,,
UT,91.5317,29,46,45,4,6,11,14,10,10,7,14,,,,Elk,,
UT,91.5317,30,49,50,5,6,12,18,11,11,6,13,,,,Elk,,
UT,91.5317,31,47,52,4,7,13,16,12,11,7,14,,,,Elk,,
UT,91.5317,32,45,45,5,7,13,16,10,11,6,13,,,,Elk,,
UT,91.363,1,30,48,4,7,12,17,10,9,6,13,,,,Elk,,
UT,91.363,2,34,43,5,7,13,15,11,11,5,15,,,,Elk,,
UT,91.363,3,33,46,4,6,12,16,11,11,5,13,,,,Elk,,
UT,91.363,4,35,46,4,6,12,17,11,10,4,14,,,,Elk,,
UT,91.363,5,38,43,4,8,14,18,11,10,5,14,,,,Elk,,
UT,91.1322,1,38,45,5,6,12,18,10,9,5,13,,,,Elk,,
UT,91.1589,1,36,47,5,6,12,16,9,10,8,13,,,,Elk,,
UT,91.1589,2,35,NA,5,NA,NA,NA,11,11,6,13,,,,Elk,*damaged,
UT,91.1589,3,35,NA,5,7,13,NA,11,12,6,13,,,,Elk,,
UT,91.1589,4,37,49,5,7,13,19,11,12,7,14,,,,Elk,,
UT,91.1589,5,36,48,5,6,12,16,10,11,7,14,,,,Elk,,
UT,91.1589,6,39,42,5,6,12,19,11,11,7,13,,,,Elk,,
UT,91.1589,7,39,41,5,8,14,16,11,12,7,13,,,,Elk,,
UT,91.1589,8,42,44,5,8,14,17,12,12,7,12,,,,Elk,,
UT,91.1596,1,31,46,4,7,12,17,11,10,6,14,,,,Elk,,
UT,91.1596,2,31,43,5,7,12,16,10,10,6,14,,,,Elk,,
UT,91.1596,3,33,47,4,6,12,16,11,12,7,12,,,,Elk,,
UT,91.3063,1,40,50,5,7,13,16,11,11,7,13,,,,Elk,,
UT,91.3063,2,49,48,5,6,13,18,10,13,7,13,,,,Elk,,
UT,91.3063,3,47,47,5,8,12,15,11,11,6,14,,,,Elk,,
UT,91.3063,4,49,49,5,7,13,17,11,11,8,12,,,,Elk,,
UT,91.3063,5,49,49,4,7,13,17,10,12,7,13,,,,Elk,,
UT,91.3063,6,48,52,5,7,14,18,11,9,7,13,,,,Elk,,
UT,91.3063,7,54,46,5,6,12,18,12,13,7,13,,,,Elk,,
UT,91.3063,8,49,47,5,6,12,17,10,11,7,14,,,,Elk,,
UT,91.3631,1,38,54,4,7,13,16,12,10,7,13,,,,Elk,,
UT,91.3631,2,39,47,4,6,12,17,11,12,7,14,,,,Elk,,
UT,91.3653,1,42,53,5,7,14,16,11,12,7,14,,,,Elk,,
UT,91.3653,2,36,50,4,7,12,17,9,10,7,13,,,,Elk,,
UT,91.3653,3,33,47,4,7,6,17,10,10,6,13,,,,Elk,,
UT,91.3653,4,40,49,5,6,11,18,10,11,7,14,,,,Elk,,
UT,91.3653,5,38,48,5,7,13,17,11,11,7,13,,,,Elk,,
UT,91.3653,6,34,45,5,7,13,17,12,11,6,14,,,,Elk,,
UT,91.3653,7,36,50,4,7,14,17,11,11,6,13,,,,Elk,,
UT,91.3653,8,36,45,4,7,11,16,10,10,5,13,,,,Elk,,
UT,91.3653,9,39,50,5,6,12,16,11,11,6,14,,,,Elk,,
UT,91.3693,1,32,50,5,7,12,17,11,9,6,12,,,,Elk,,
UT,91.3693,2,35,44,4,6,11,15,11,10,6,12,,,,Elk,,
UT,91.3693,3,34,44,5,7,12,18,12,9,6,13,,,,Elk,,
UT,91.3693,4,39,53,4,7,13,17,11,12,5,13,,,,Elk,,
UT,91.3693,5,39,46,5,6,12,19,11,11,6,15,,,,Elk,,
UT,91.3693,6,41,46,4,6,12,16,11,9,5,14,,,,Elk,,
UT,91.3693,7,39,48,5,7,13,17,11,12,6,13,,,,Elk,,
UT,91.3693,8,38,47,5,6,12,18,11,12,6,14,,,,Elk,,
UT,91.3693,9,40,49,5,6,12,18,11,12,7,13,,,,Elk,,
UT,91.3693,10,42,47,4,6,12,17,10,11,6,13,,,,Elk,,
UT,91.8993,1,41,49,4,6,11,15,11,10,4,13,,,,Elk,,
UT,91.8993,2,42,47,4,6,12,17,11,11,6,13,,,,Elk,,
UT,91.8993,3,43,48,4,6,11,14,11,10,7,14,,,,Elk,,
UT,91.8993,4,45,45,4,6,10,15,11,10,5,14,,,,Elk,,
UT,91.8993,5,47,42,4,6,11,14,11,10,8,16,,,,Elk,,
UT,91.8993,6,50,48,4,6,11,17,11,12,7,14,,,,Elk,,
UT,91.8993,7,54,49,4,6,12,14,12,12,9,13,,,,Elk,,
UT,91.8993,8,53,44,4,6,11,13,11,12,6,15,,,,Elk,,
UT,91.8993,9,59,52,4,6,12,15,12,12,7,14,,,,Elk,,
UT,91.898,1,40,45,5,6,12,15,10,10,6,15,,,,Elk,,
UT,91.898,2,42,46,4,6,12,17,9,10,7,15,,,,Elk,,
UT,91.898,3,44,50,4,7,13,16,10,11,6,13,,,,Elk,,
UT,91.898,4,46,42,4,6,12,17,10,11,7,14,,,,Elk,,
UT,91.898,5,44,46,5,8,13,19,10,12,6,13,,,,Elk,,
UT,91.898,6,47,42,4,7,12,17,11,11,6,13,,,,Elk,,
UT,91.898,7,47,46,4,7,12,16,11,10,7,15,,,,Elk,,
UT,91.898,8,45,50,5,6,12,19,11,12,7,13,,,,Elk,,
UT,91.898,9,50,51,4,6,12,17,12,12,7,14,,,,Elk,,
UT,91.898,10,48,50,4,6,11,16,11,11,7,13,,,,Elk,,
UT,91.9048,1,36,43,5,8,14,16,11,11,5,13,N,N,F,Elk,,
UT,91.9048,2,39,47,5,8,12,14,11,11,5,13,N,N,F,Elk,,
UT,91.9048,3,38,43,4,8,14,15,10,10,5,14,N,N,F,Elk,,
UT,91.9048,4,39,44,4,7,13,17,10,10,5,13,N,N,F,Elk,,
UT,91.9048,5,39,45,5,8,14,16,11,10,5,13,N,N,F,Elk,,
UT,91.9048,6,43,47,5,8,13,16,10,10,4,12,N,Y,M,Elk,,
UT,91.9048,7,49,48,5,9,14,17,11,10,6,13,N,N,M,Elk,,
UT,91.9048,8,49,45,5,8,14,15,12,11,6,13,Y,Y,M,Elk,,
UT,91.9048,9,38,46,4,8,13,15,10,9,6,14,N,Y,M,Elk,,
UT,91.9048,10,39,48,5,8,14,13,10,10,5,13,N,N,F,Elk,,
UT,91.9048,11,40,43,5,8,14,14,11,10,5,13,N,N,M,Elk,,
UT,91.9048,12,45,45,6,9,15,15,11,10,5,12,Y,N,M,Elk,,
UT,91.9048,13,41,48,5,7,13,17,10,9,5,14,N,Y,M,Elk,,
UT,91.9048,14,47,49,5,7,13,17,11,9,6,12,Y,Y,M,Elk,,
UT,91.9048,15,47,45,5,9,15,17,11,10,6,13,Y,Y,M,Elk,,
UT,91.9048,16,47,52,5,9,15,18,11,10,7,14,Y,Y,M,Elk,,
UT,91.9048,17,48,53,6,8,15,15,11,11,6,14,Y,Y,M,Elk,,
UT,91.9048,18,49,47,5,7,13,14,11,11,5,14,Y,N,M,Elk,,
UT,91.7346,1,44,45,4,6,12,16,11,10,7,14,,,,Sequatchie,,
UT,91.7346,2,44,42,5,6,11,16,11,11,8,13,,,,Sequatchie,,
UT,91.7346,3,42,45,5,6,11,16,11,10,3,13,,,,Sequatchie,,
UT,91.7574,1,46,46,4,6,11,16,11,10,6,14,,,,Middle TN,"Cypress Creek, direct trib to TN",
UT,91.7574,2,45,46,4,6,12,17,12,12,6,13,,,,Middle TN,,
UT,91.7574,3,52,46,4,7,13,16,12,12,7,13,,,,Middle TN,,
UT,91.2405,1,48,41,4,7,13,16,12,12,7,13,,,,Shoal,,
UT,91.2405,2,47,51,4,6,12,17,12,11,7,14,,,,Shoal,,
UT,91.2405,3,42,46,4,6,11,17,12,11,5,14,,,,Shoal,,
UT,91.2405,4,50,43,4,6,11,17,12,10,7,14,,,,Shoal,*Damaged,
UT,91.2405,5,47,49,4,7,13,18,12,11,7,14,,,,Shoal,,
UT,91.2405,6,41,45,4,7,13,17,12,11,7,14,,,,Shoal,,
UT,91.2405,7,47,49,3,6,11,15,12,12,6,14,,,,Shoal,,
UT,91.2405,8,52,53,4,7,13,16,11,12,7,13,,,,Shoal,,
UT,91.2405,9,39,40,4,7,12,15,12,12,7,14,,,,Shoal,,
UT,91.2802,1,42,43,5,7,14,17,11,10,7,15,,,,Duck,,
UT,91.2802,2,42,46,5,7,14,16,11,11,7,14,,,,Duck,,
UT,91.2802,3,43,46,5,7,13,18,13,12,7,13,,,,Duck,,
UT,91.2802,4,45,46,5,7,14,16,11,11,5,14,,,,Duck,,
UT,91.2802,5,42,45,5,6,12,18,11,12,7,14,,,,Duck,,
UT,91.2802,6,39,49,5,7,13,15,11,12,6,16,,,,Duck,,
UT,91.2802,7,50,49,5,8,14,19,11,12,7,14,,,,Duck,,
UT,91.2802,8,41,49,5,7,14,17,11,9,6,14,,,,Duck,,
UT,91.2802,9,53,49,5,7,14,18,12,12,8,15,,,,Duck,,
UT,91.4435,1,48,46,5,7,13,16,10,11,6,13,,,,Duck,*Sizes on paper measured total length,
UT,91.4435,2,36,41,5,8,14,17,11,10,6,14,,,,Duck,,
UT,91.4435,3,55,47,5,6,12,16,10,11,6,13,,,,Duck,,
UT,91.4435,4,42,54,5,7,13,15,11,11,6,14,,,,Duck,,
UT,91.4435,5,64,51,5,7,14,18,12,12,7,14,,,,Duck,,
UT,91.4435,6,39,44,5,7,13,17,10,11,6,12,,,,Duck,,
UT,91.4435,7,45,51,5,7,14,17,12,12,7,13,,,,Duck,,
UT,91.4435,8,48,47,5,7,13,17,10,12,8,14,,,,Duck,,
UT,91.4435,9,49,46,4,6,12,16,10,12,6,14,,,,Duck,,
UT,91.4435,10,48,49,5,7,14,17,11,12,6,13,,,,Duck,,
UT,91.4435,11,50,49,5,7,14,14,11,11,7,12,,,,Duck,,
UT,91.4435,12,48,49,6,7,15,18,12,12,8,12,,,,Duck,,
UT,91.8575,1,36,56,5,7,12,17,11,8,6,14,,,,Shoal,,
UT,91.8575,2,56,45,4,7,13,16,12,10,7,12,,,,Shoal,,
UT,91.8575,3,42,52,4,7,13,16,12,11,7,14,,,,Shoal,,
UT,91.8575,4,42,45,5,6,12,16,12,11,8,14,,,,Shoal,,
UT,91.8575,5,43,47,4,6,12,15,12,11,6,13,,,,Shoal,,
UT,91.8575,6,41,49,5,8,14,18,11,10,8,14,,,,Shoal,,
UT,91.8575,7,44,48,5,7,13,16,11,9,7,13,,,,Shoal,,
UT,91.8575,8,46,45,5,7,13,19,12,10,6,14,,,,Shoal,,
UT,91.8575,9,43,46,4,7,13,14,10,9,7,12,,,,Shoal,,
UT,91.7559,1,39,46,3,6,11,17,10,10,6,13,N,N,F,Paint Rock,,
UT,91.7559,2,40,49,4,6,11,14,11,12,7,13,Y,Y,M,Paint Rock,,
UT,91.7559,3,36,40,3,5,10,14,10,11,7,13,N,N,M,Paint Rock,,
UT,91.7559,4,35,47,4,6,12,17,11,11,7,14,N,N,F,Paint Rock,,
UT,91.7559,5,37,46,3,7,11,15,12,12,7,14,N,N,F,Paint Rock,,
UT,91.7559,6,38,47,4,7,12,19,10,11,6,13,N,N,F,Paint Rock,,
UT,91.7559,7,39,49,4,7,13,16,11,11,8,12,N,N,F,Paint Rock,,
UT,91.7559,8,41,51,4,6,11,16,11,12,7,14,N,Y,M,Paint Rock,,
UT,91.7559,9,40,48,4,6,11,16,11,12,7,14,N,N,M,Paint Rock,,
UT,91.7559,10,41,49,4,7,13,19,10,11,7,15,Y,?,M,Paint Rock,,
UT,91.7559,11,42,48,4,6,11,14,11,11,6,13,Y,N,M,Paint Rock,,
UT,91.7559,12,43,47,4,7,11,17,11,11,7,13,Y,Y,M,Paint Rock,,
UT,91.7559,13,47,50,3,7,12,16,12,12,6,13,Y,Y,M,Paint Rock,,
UT,91.7500,1,47,46,3,7,12,16,11,11,7,15,N,Y,F,Middle TN,,
UT,91.7500,2,48,53,4,8,14,17,11,12,6,16,N,Y,M,Middle TN,,
UT,91.7500,3,45,48,4,7,13,16,13,12,9,13,N,N,F,Middle TN,,
UT,91.7477,1,43,41,4,7,12,16,10,12,7,13,N,N,F,Middle TN,,
UT,91.4981,1,46,46,4,8,14,16,11,11,7,13,Y,Y,F,Paint Rock,,
UT,91.4988,1,48,43,4,6,11,15,10,11,6,12,Y,Y,M,Sequatchie,,
UT,91.1153,1,42,45,4,6,12,16,10,12,7,14,N,N,F,Sequatchie,,
UT,91.1153,2,47,47,4,7,12,17,12,11,7,13,Y,Y,M,Sequatchie,,
UT,91.1153,3,45,50,4,7,13,18,11,12,7,13,N,N,F,Sequatchie,,
UT,91.1153,4,43,46,4,8,14,17,11,11,6,12,N,N,F,Sequatchie,,
UT,91.2828,1,31,42,4,6,11,15,11,11,5,13,N,N,F,Sequatchie,,
UT,91.2828,2,31,47,4,7,13,16,11,10,5,13,N,N,F,Sequatchie,,
UT,91.2828,3,33,44,4,6,12,16,10,10,6,13,N,N,M,Sequatchie,,
UT,91.2828,4,32,43,4,6,12,16,11,11,6,13,N,N,F,Sequatchie,,
UT,91.2828,5,35,49,4,6,11,16,10,11,7,13,N,N,F,Sequatchie,,
UT,91.2828,6,34,47,4,6,11,15,11,10,7,13,N,N,F,Sequatchie,,
UT,91.2828,7,35,49,4,7,13,16,11,10,6,13,N,N,F,Sequatchie,,
UT,91.2828,8,35,45,4,6,11,16,11,11,6,13,N,Y,F,Sequatchie,,
UT,91.2828,9,37,49,4,6,11,16,11,11,7,13,N,Y,F,Sequatchie,,
UT,91.2828,10,39,42,4,7,12,16,11,11,8,13,N,N,F,Sequatchie,,
UT,91.2828,11,39,48,4,6,11,16,11,11,7,14,N,N,F,Sequatchie,,
UT,91.2828,12,36,46,4,6,12,15,11,11,7,13,N,Y,M,Sequatchie,,
UT,91.2828,13,38,46,4,6,11,15,11,11,8,13,N,Y,F,Sequatchie,,
UT,91.2828,14,38,45,4,6,12,16,11,12,7,14,N,N,?,Sequatchie,,
UT,91.2828,15,38,47,5,7,13,15,10,12,7,13,N,N,M,Sequatchie,,
UT,91.2828,16,40,44,4,8,11,16,11,10,6,14,N,Y,?,Sequatchie,,
UT,91.2828,17,40,48,4,8,12,16,11,11,7,15,N,N,F,Sequatchie,,
UT,91.2828,18,41,46,4,8,13,17,10,11,7,13,N,N,F,Sequatchie,,
UT,91.2828,19,41,49,4,7,12,18,10,11,6,13,N,Y,M,Sequatchie,,
UT,91.2828,20,49,48,4,7,13,17,11,12,6,13,N,Y,M,Sequatchie,,
UT,91.2828,21,51,48,4,6,11,17,11,12,7,13,Y,Y,M,Sequatchie,,
UT,91.2744,1,30,48,5,6,11,16,10,11,8,13,N,N,F,Duck,,
UT,91.2744,2,34,47,5,7,13,16,10,11,7,14,N,N,F,Duck,,
UT,91.2744,3,34,46,5,6,12,14,11,12,8,15,N,N,F,Duck,,
UT,91.2744,4,37,42,4,6,12,16,10,9,7,13,N,N,F,Duck,,
UT,91.2744,5,34,45,5,6,12,15,10,11,5,14,N,N,F,Duck,,
UT,91.2744,6,37,51,5,7,13,15,11,11,6,14,N,N,F,Duck,,
UT,91.2744,7,38,46,5,7,13,17,11,11,6,14,N,N,F,Duck,,
UT,91.2744,8,38,46,5,7,13,17,11,10,7,13,N,N,F,Duck,,
UT,91.2744,9,39,47,5,6,12,17,11,12,6,13,MaYbe,N,F,Duck,,
UT,91.2744,10,37,44,5,6,12,16,11,11,7,13,N,N,F,Duck,,
UT,91.2744,11,40,46,5,6,12,17,11,12,7,14,N,N,F,Duck,,
UT,91.2744,12,39,47,5,9,14,19,11,12,8,14,N,N,F,Duck,,
UT,91.2744,13,40,46,5,6,11,17,12,12,7,13,Y,N,F,Duck,,
UT,91.2744,14,42,42,5,6,12,18,12,11,5,14,Y,N,F,Duck,,
UT,91.2744,15,39,49,5,8,13,16,11,13,7,13,Y,Y,F,Duck,,
UT,91.2744,16,44,44,4,7,13,17,10,10,6,12,N,N,F,Duck,,
UT,91.2744,17,49,43,4,6,12,15,11,12,6,14,N,N,F,Duck,,
UT,91.2744,18,45,45,5,6,13,18,11,11,5,14,N,Y,F,Duck,,
UT,91.2744,19,46,50,5,6,12,19,11,11,6,14,N,N,F,Duck,,
UT,91.2744,20,47,44,5,6,11,16,11,11,6,14,N,N,F,Duck,,
UT,91.2744,21,48,45,5,6,12,17,10,11,7,14,N,N,F,Duck,,
UT,91.2744,22,48,46,6,7,14,19,12,11,5,15,N,N,F,Duck,,
UT,91.2744,23,49,45,5,7,13,16,11,10,6,14,N,N,F,Duck,,
UT,91.2744,24,47,47,5,6,13,18,10,10,7,15,N,N,F,Duck,,
UT,91.2744,25,55,49,5,6,12,17,11,12,6,14,Y,N,M,Duck,,
UT,91.2744,26,52,50,5,6,12,16,11,11,7,14,Y,N,M,Duck,,
UT,91.2744,27,55,49,5,6,12,17,11,12,8,14,Y,N,M,Duck,,
UT,91.8995,1,42,46,4,6,12,17,10,11,5,14,N,N,F,Duck,,
UT,91.8995,2,42,45,4,5,11,16,10,10,7,15,N,N,F,Duck,,
UT,91.8995,3,43,45,4,6,12,15,10,11,6,14,N,N,F,Duck,,
UT,91.8995,4,46,46,5,6,12,15,11,12,6,15,N,N,M,Duck,,
UT,91.8995,5,48,47,5,7,14,17,11,11,7,13,N,N,F,Duck,,
UT,91.8995,6,43,47,5,7,13,15,10,10,5,14,N,N,F,Duck,,
UT,91.8995,7,45,42,5,6,12,16,10,11,6,14,N,N,F,Duck,,
UT,91.8995,8,46,46,5,7,13,16,11,11,6,14,N,N,F,Duck,,
UT,91.8995,9,50,48,5,8,15,18,10,11,6,15,N,N,F,Duck,,
UT,91.8488,1,39,48,4,7,12,16,11,11,5,12,N,Y,F,Emory,,
UT,91.5337,3,38,52,4,7,12,16,10,10,6,13,N,N,F,Emory,"is trib off Little Emory, direct trib to TN Branch",
UT,91.4255,1,57,50,5,8,13,16,11,12,8,13,Y,N,M,Middle TN,,
UT,91.2834,1,39,53,5,7,13,18,11,11,8,12,Y,Y,M,Duck,"Separate vial, Collected 10 Apr 1990, same site",
UT,91.2834,2,46,49,5,7,13,15,11,12,7,13,Y,N,M,Duck,,
UT,91.2834,3,46,54,5,7,13,15,12,11,6,14,Y,N,M,Duck,,
UT,91.2834,4,49,49,5,8,14,17,11,11,7,13,Y,N,M,Duck,,
UT,91.2834,5,53,51,4,7,12,16,11,13,8,13,Y,N,M,Duck,,
UT,91.2834,6,35,47,4,6,12,17,11,10,6,13,N,Y,F,Duck,,
UT,91.2834,7,38,48,5,7,13,17,11,11,6,14,N,Y,M,Duck,,
UT,91.2834,8,38,42,5,6,12,17,11,10,6,14,N,Y,F,Duck,,
UT,91.2834,9,36,41,4,6,12,17,12,9,5,14,N,Y,F,Duck,,
UT,91.2834,10,40,49,5,6,12,17,11,11,6,13,Y,N,M,Duck,,
UT,91.2834,11,39,52,5,6,12,18,11,11,7,13,Y,N,M,Duck,,
UT,91.2834,12,37,47,5,7,12,15,9,10,6,12,Y,N,F,Duck,,
UT,91.2834,13,38,51,4,6,11,16,11,11,5,13,N,N,F,Duck,,
UT,91.2834,14,39,51,4,6,12,16,12,11,6,14,Y,Y,F,Duck,,
UT,91.2834,15,38,46,5,7,13,17,11,10,6,14,N,N,F,Duck,,
UT,91.2834,16,40,51,5,7,13,17,11,12,7,14,Y,N,M,Duck,,
UT,91.2834,17,41,48,4,6,12,18,12,11,6,14,Y,N,M,Duck,,
UT,91.2834,18,40,45,5,6,12,17,11,10,7,13,Y,Y,F,Duck,,
UT,91.2834,19,42,51,5,7,13,18,11,12,6,14,Y,Y,M,Duck,,
UT,91.2834,20,42,45,5,7,13,17,11,11,7,13,Y,N,M,Duck,*First ray of D1 w/ black spot,
UT,91.2834,21,40,51,5,6,12,17,12,11,6,14,Y,N,M,Duck,,
UT,91.2834,22,41,50,5,8,14,17,10,12,6,14,N,N,M,Duck,,
UT,91.2834,23,41,44,4,7,13,17,10,9,6,14,N,N,F,Duck,,
UT,91.2834,24,40,51,5,7,14,18,12,12,8,13,Y,N,M,Duck,,
UT,91.2834,25,41,53,5,6,12,17,11,12,6,13,Y,Y,M,Duck,,
UT,91.2834,26,45,50,5,6,12,18,11,11,6,13,N,Y,F,Duck,,
UT,91.2834,27,42,50,5,7,13,16,10,11,7,14,Y,N,M,Duck,,
UT,91.2834,28,47,50,5,6,12,17,11,11,6,14,Y,N,M,Duck,,
UT,91.2834,29,48,50,4,6,12,17,11,12,7,13,Y,N,M,Duck,,
UT,91.2834,30,52,52,5,7,13,18,12,11,7,13,Y,N,M,Duck,,
UT,91.2834,31,51,48,5,6,12,17,11,13,7,14,Y,N,M,Duck,,
UT,91.2834,32,53,52,5,6,13,17,11,12,7,15,Y,N,M,Duck,*odd growth at base of D2,
UT,91.2834,33,50,46,5,6,12,17,11,11,8,13,Y,N,M,Duck,,
UT,91.2821,1,52,45,4,6,11,16,10,12,6,15,Y,N,M,Duck,*Missing a lot of scales,
UT,91.568,1,40,46,4,7,13,17,11,11,6,14,N,N,F,Flint,"*Collected in second site, right pectoral fin clipped",
UT,91.568,2,38,47,4,7,13,16,11,10,6,13,N,N,F,Flint,,
UT,91.568,3,38,45,4,7,13,17,11,11,6,14,N,N,F,Flint,,
UT,91.1944,1,33,43,4,7,12,16,10,9,6,13,N,N,F,Middle TN,,
UT,91.1944,2,35,46,4,7,13,16,10,10,6,14,N,N,F,Middle TN,,
UT,91.1944,3,35,47,4,6,11,17,10,9,5,14,N,N,F,Middle TN,,
UT,91.1944,4,34,42,5,6,12,16,10,10,6,13,N,N,F,Middle TN,,
UT,91.1944,5,32,51,4,7,13,17,10,11,5,13,N,N,F,Middle TN,,
UT,91.1944,6,31,45,4,7,13,16,10,10,5,13,N,N,F,Middle TN,,
UT,91.1944,7,33,46,4,6,12,17,11,9,5,13,N,N,F,Middle TN,,
UT,91.1944,8,34,46,5,6,12,17,12,9,6,12,N,N,F,Middle TN,,
UT,91.1944,9,34,50,4,7,13,16,9,11,6,13,N,N,M,Middle TN,,
UT,91.1944,10,33,40,5,6,11,16,10,10,5,14,N,N,M,Middle TN,,
UT,91.1944,11,35,44,5,6,12,18,11,10,5,13,N,N,M,Middle TN,,
UT,91.1944,12,37,50,4,7,13,16,11,11,6,14,N,N,M,Middle TN,,
UT,91.1944,13,37,47,5,9,14,16,10,12,5,13,N,N,M,Middle TN,,
UT,91.1944,14,36,51,4,7,13,17,11,11,6,14,N,N,M,Middle TN,,
UT,91.717,1,30,49,5,7,14,18,12,12,7,14,N,N,M,Duck,,
UT,91.717,2,33,47,5,7,13,17,10,11,7,14,N,N,F,Duck,,
UT,91.717,3,31,44,5,8,14,17,10,12,5,14,N,N,F,Duck,,
UT,91.717,4,29,43,5,6,12,16,11,10,6,14,N,N,F,Duck,,
UT,91.717,5,33,40,4,7,13,16,11,12,7,13,N,N,F,Duck,,
UT,91.717,6,35,49,5,6,12,17,11,10,7,14,N,Y,F,Duck,,
UT,91.717,7,35,48,5,6,12,16,12,11,6,13,N,N,M,Duck,,
UT,91.717,8,34,46,5,6,12,17,11,12,7,14,N,N,F,Duck,,
UT,91.717,9,37,46,5,8,14,18,12,11,7,13,Y,N,M,Duck,,
UT,91.717,10,41,50,5,7,14,17,11,11,7,13,N,N,M,Duck,,
UT,91.717,11,40,46,5,7,13,17,10,11,7,15,N,N,F,Duck,,
UT,91.717,12,38,48,4,7,13,17,12,11,7,13,N,N,F,Duck,,
UT,91.717,13,40,48,5,7,14,16,11,11,6,13,N,N,M,Duck,,
UT,91.717,14,39,48,5,7,13,17,11,12,7,14,N,N,M,Duck,,
UT,91.717,15,38,53,5,7,14,17,10,11,6,15,N,N,M,Duck,,
UT,91.717,16,42,47,5,7,13,18,11,11,7,14,Y,N,M,Duck,,
UT,91.717,17,45,53,5,8,14,18,11,12,7,14,N,N,M,Duck,,
UT,91.717,18,42,42,5,6,11,17,11,11,7,14,N,N,F,Duck,,
UT,91.717,19,43,46,5,7,13,17,11,10,7,13,N,Y,M,Duck,,
UT,91.717,20,43,47,5,7,14,18,11,12,6,14,Y,N,M,Duck,,
UT,91.717,21,46,49,5,7,13,18,12,11,7,14,N,N,F,Duck,,
UT,91.717,22,58,50,5,7,13,17,11,13,7,14,Y,N,M,Duck,,
UT,91.4318,1,37,48,5,6,12,15,11,11,6,14,N,N,F,Duck,,
UT,91.4318,2,42,51,4,6,12,17,10,11,7,13,N,N,F,Duck,,
UT,91.4318,3,41,49,5,7,14,17,11,11,7,14,N,Y,M,Duck,,
UT,91.4318,4,44,49,4,6,12,15,11,12,7,13,N,N,F,Duck,,
UT,91.4318,5,43,44,4,6,12,17,11,11,6,14,N,N,F,Duck,,
UT,91.4318,6,47,47,5,7,13,17,11,11,7,13,N,N,F,Duck,,
UT,91.4318,7,45,48,4,6,12,17,12,12,7,14,N,N,F,Duck,,
UT,91.4318,8,46,48,5,7,13,16,11,12,7,14,Y,N,M,Duck,,
UT,91.4318,9,47,48,5,7,14,16,11,12,7,14,N,N,M,Duck,,
UT,91.4318,10,48,50,5,7,13,17,13,10,7,13,Y,Y,M,Duck,,
UT,91.4318,11,52,51,5,8,15,17,12,12,7,15,Y,N,M,Duck,,
UT,91.7483,1,41,48,4,8,13,15,11,10,5,14,,,,Lower TN,,
UT,91.7483,2,50,51,4,6,12,17,11,11,5,14,,,,Lower TN,,
UT,91.2785,1,33,43,4,6,11,15,11,10,5,14,,,,Lower TN,,
UT,91.2785,2,40,44,4,6,13,17,11,10,6,12,,,,Lower TN,,
UT,91.2785,3,46,42,4,6,11,15,10,12,7,13,,,,Lower TN,,
UT,91.2785,4,48,48,4,7,12,16,10,12,6,13,,,,Lower TN,,
UT,91.2785,5,47,42,4,7,12,15,11,11,7,12,,,,Lower TN,,
UT,91.2785,6,51,47,4,6,11,18,11,12,8,12,,,,Lower TN,,
UT,91.2785,7,56,47,5,6,12,16,10,11,7,13,,,,Lower TN,,
UT,91.2815,1,32,47,4,6,12,17,12,10,8,12,N,N,F,Lower TN,,
UT,91.2815,2,32,50,4,7,12,16,10,12,7,13,N,N,F,Lower TN,,
UT,91.2815,3,37,45,4,7,12,14,11,12,7,14,N,N,F,Lower TN,,
UT,91.2815,4,37,45,4,7,12,15,11,11,7,13,N,N,F,Lower TN,,
UT,91.2815,5,54,46,5,6,11,14,13,11,9,14,Y,Y,M,Lower TN,,
UT,91.2815,6,40,52,4,6,12,16,11,12,7,14,N,N,F,Lower TN,,
UT,91.2815,7,40,48,4,8,11,17,12,12,7,13,N,N,F,Lower TN,,
UT,91.2815,8,44,51,4,7,12,18,12,12,7,13,Y,Y,M,Lower TN,,
UT,91.2815,9,53,47,4,7,12,16,12,12,9,13,Y,Y,M,Lower TN,,
UT,91.2815,10,52,41,4,7,12,19,10,11,6,14,N,N,M,Lower TN,,
UT,91.2815,11,36,52,4,7,12,16,11,12,7,12,N,N,F,Lower TN,,
UT,91.2815,12,46,49,4,7,13,17,10,12,7,14,Y,Y,M,Lower TN,,
UT,91.2815,13,45,51,4,6,12,18,11,12,7,13,Y,Y,M,Lower TN,,
UT,91.2815,14,36,51,4,7,12,14,11,11,7,13,N,Y,F,Lower TN,,
UT,91.2815,15,35,55,4,7,13,17,12,13,6,14,N,N,F,Lower TN,,
UT,91.5593,1,51,50,4,6,11,15,12,12,8,14,N,Y,M,Lower TN,,
UT,91.5593,2,49,51,4,6,11,16,11,12,7,14,N,N,F,Lower TN,,
UT,91.5593,3,52,49,4,8,14,17,12,11,8,14,Y,N,M,Lower TN,,
UT,91.5593,4,42,52,4,7,13,17,11,12,8,12,Y,Y,M,Lower TN,,
UT,91.5593,5,38,49,5,7,13,18,12,12,7,13,Y,Y,M,Lower TN,,
UT,91.5593,6,43,50,4,7,12,16,11,10,7,13,N,Y,F,Lower TN,,
UT,91.5593,7,32,46,4,8,13,17,10,11,6,15,N,N,M,Lower TN,,
UT,91.5593,8,38,44,4,6,12,14,11,12,7,14,N,Y,F,Lower TN,,
UT,91.5593,9,55,45,4,7,13,17,12,12,8,13,Y,N,M,Lower TN,,
UT,91.7417,1,40,48,4,7,13,17,10,13,7,13,N,Y,F,Middle TN,,
UT,91.7417,2,42,47,4,7,12,15,11,12,6,14,N,N,M,Middle TN,,
UT,91.7417,3,47,49,4,7,12,17,11,12,7,13,N,Y,M,Middle TN,,
UT,91.761,1,33,60,4,7,12,16,9,11,7,13,N,N,F,Lower TN,,
UT,91.761,2,33,49,4,6,11,14,11,12,5,13,N,N,F,Lower TN,,
UT,91.761,3,41,50,4,6,11,16,11,11,7,12,N,N,F,Lower TN,,
UT,91.761,4,40,47,4,7,11,15,11,12,8,13,N,Y,M,Lower TN,,
UT,91.761,5,44,48,4,8,14,19,10,12,6,13,N,Y,F,Lower TN,,
UT,91.761,6,42,47,3,7,11,16,10,11,7,12,N,N,F,Lower TN,,
UT,91.761,7,45,48,4,7,12,16,11,11,7,13,N,Y,M,Lower TN,,
UT,91.7685,1,34,50,4,7,12,18,11,11,7,15,N,N,F,Lower TN,,
UT,91.7685,2,44,52,4,7,13,18,11,11,6,14,N,N,F,Lower TN,,
UT,91.7898,1,36,38,4,7,13,15,11,9,7,12,N,N,F,Lower TN,,
UT,91.7898,2,43,49,4,7,13,18,11,12,8,13,N,N,F,Lower TN,,
UT,91.791,1,33,45,4,6,12,16,11,11,7,13,N,N,F,Lower TN,,
UT,91.24,1,41,46,4,6,11,14,10,11,8,13,N,N,F,Lower TN,,
UT,91.24,2,38,44,5,6,10,16,11,11,7,13,N,N,F,Lower TN,,
UT,91.24,3,41,44,4,7,12,16,10,11,7,13,Y,N,F,Lower TN,,
UT,91.24,4,41,46,4,6,10,16,10,11,6,12,N,N,F,Lower TN,,
UT,91.5547,1,38,46,5,8,13,16,10,11,6,12,N,N,F,Duck,,
UT,91.5547,2,47,46,5,9,14,16,10,11,6,13,N,Y,M,Duck,,
UT,91.2563,1,27,50,5,6,11,16,10,10,6,13,N,N,F,Lower TN,,
UT,91.2563,2,31,47,4,7,13,17,10,9,6,13,N,N,F,Lower TN,,
UT,91.2563,3,45,53,5,7,13,18,11,11,7,14,N,N,F,Lower TN,,
UT,91.581,1,33,53,4,6,12,17,10,10,7,14,N,N,F,Lower TN,,
UT,91.581,2,35,50,4,6,12,17,11,10,6,14,N,N,F,Lower TN,,
UT,91.581,3,34,49,4,7,12,16,10,10,6,14,N,N,F,Lower TN,,
UT,91.581,4,35,50,4,8,14,16,10,11,7,13,N,N,F,Lower TN,,
UT,91.581,5,37,48,4,7,13,16,10,11,6,13,N,N,M,Lower TN,,
UT,91.581,6,35,48,4,6,12,16,12,12,6,14,N,N,F,Lower TN,,
UT,91.581,7,38,50,4,6,12,17,11,11,6,14,N,N,F,Lower TN,,
UT,91.581,8,40,46,4,7,13,17,11,11,6,13,N,Y,M,Lower TN,,
UT,91.581,9,40,46,4,7,12,15,12,12,7,13,N,Y,M,Lower TN,,
UT,91.581,10,37,48,4,6,12,15,12,12,7,13,N,N,F,Lower TN,,
UT,91.581,11,39,45,4,7,12,15,11,13,8,15,N,N,F,Lower TN,,
UT,91.581,12,40,46,5,6,12,16,12,13,7,14,Y,Y,M,Lower TN,,
UT,91.581,13,40,48,4,7,13,17,11,12,6,14,N,N,F,Lower TN,,
UT,91.581,14,42,47,5,7,12,17,12,11,7,13,N,N,F,Lower TN,,
UT,91.581,15,41,43,4,7,13,17,12,12,7,13,Y,N,M,Lower TN,,
UT,91.581,16,45,45,5,6,12,15,11,11,7,14,N,Y,F,Lower TN,,
UT,91.581,17,48,46,4,6,11,15,10,12,7,12,Y,N,M,Lower TN,DAMAGED MOUTH,
UT,91.581,18,49,48,4,7,13,16,11,13,7,14,Y,Y,M,Lower TN,,
UT,91.581,19,52,48,4,7,13,17,11,12,7,14,Y,N,M,Lower TN,"RIGHT P1 CLIPPED,  12 MAY 1973","FEELS LIKE LEATHER, MOUTH DAMAGED"
UT,91.581,20,46,49,4,7,13,17,11,11,7,13,Y,N,M,Lower TN,,FEELS LIKE LEATHER
INHS,61801,1,38,47,4,6,11,15,11,12,6,14,Y,Y,M,Lower TN,,
INHS,61801,2,36,47,4,6,11,17,11,11,7,14,N,N,F,Lower TN,,
INHS,80883,1,39,47,4,6,11,16,12,12,7,14,N,N,F,Lower TN,,
INHS,80883,2,46,49,5,7,14,16,12,14,8,13,Y,N,M,Lower TN,,
INHS,61670,1,29,46,4,6,11,16,11,11,6,13,N,N,F,Lower TN,,
INHS,61670,2,34,42,4,7,12,16,12,11,6,13,Y,N,M,Lower TN,,
INHS,61670,3,36,44,4,7,12,16,11,11,6,14,N,N,F,Lower TN,,
UT,91.628,1,31,46,5,7,12,16,12,12,7,14,N,N,M,Duck,,
UT,91.628,2,35,51,5,6,12,17,10,11,7,14,N,N,F,Duck,,
UT,91.628,3,32,46,5,6,12,16,11,11,6,14,N,Y,F,Duck,,
UT,91.628,4,33,48,5,7,12,16,11,11,6,13,N,N,F,Duck,,
UT,91.628,5,33,52,5,7,13,17,11,11,7,14,N,N,F,Duck,,
UT,91.628,6,36,52,5,7,14,17,11,13,7,13,Y,N,M,Duck,,
UT,91.628,7,39,45,5,7,13,17,11,13,7,15,Y,N,F,Duck,,
UT,91.628,8,38,53,4,7,13,17,12,12,6,13,Y,N,M,Duck,,
UT,91.628,9,39,55,5,7,14,18,11,11,6,15,Y,N,M,Duck,,
UT,91.628,10,38,52,4,6,12,17,11,12,7,15,Y,N,M,Duck,,
UT,91.628,11,43,47,4,6,11,17,11,11,6,14,Y,N,F,Duck,,
UT,91.628,12,44,53,5,6,12,18,11,12,8,14,Y,N,M,Duck,,
UT,91.628,13,39,50,4,7,13,17,10,11,7,13,Y,N,M,Duck,,
UT,91.628,14,41,48,4,6,12,16,11,10,7,14,N,N,F,Duck,,
UT,91.628,15,42,44,4,6,12,17,12,11,6,15,N,N,F,Duck,,
UT,91.628,16,39,44,4,6,12,18,11,10,7,15,N,Y,F,Duck,,
UT,91.628,17,44,48,5,6,12,17,10,12,6,14,N,N,F,Duck,,
UT,91.628,18,43,50,5,6,12,16,11,11,6,13,N,N,M,Duck,,
UT,91.628,19,45,48,5,6,12,17,10,11,7,14,N,N,F,Duck,,
UT,91.628,20,44,47,5,6,12,17,11,11,7,15,N,N,F,Duck,,
UT,91.628,21,46,44,4,6,12,17,10,11,7,15,N,N,F,Duck,,
UT,91.628,22,44,51,4,7,12,16,11,11,6,14,N,Y,F,Duck,,
UT,91.628,23,45,47,5,7,13,16,10,11,6,15,N,N,F,Duck,,
UT,91.628,24,45,46,5,6,12,18,11,11,6,15,N,Y,F,Duck,,
UT,91.628,25,46,45,5,7,13,18,11,12,6,13,N,N,F,Duck,,
UT,91.628,26,46,48,5,7,13,17,10,11,6,14,N,N,F,Duck,,
UT,91.628,27,53,51,4,7,13,16,11,12,7,14,Y,N,M,Duck,,
UT,91.628,28,52,53,4,7,13,16,12,13,7,14,Y,N,M,Duck,,
UT,91.628,29,48,49,5,8,15,17,12,12,7,15,Y,Y,M,Duck,,
UT,91.628,30,50,49,4,7,13,16,10,12,7,14,Y,N,M,Duck,,
UT,91.628,31,48,47,4,6,12,15,11,12,7,15,Y,N,M,Duck,,
CUMV,88376,1,47,48,4,7,12,16,11,12,7,14,N,Y,F,Middle TN,,
CUMV,88376,2,55,52,5,8,14,19,11,11,6,15,N,N,F,Middle TN,,
CUMV,88376,3,53,48,4,7,13,18,10,12,8,14,N,N,F,Middle TN,,
CUMV,88376,4,43,45,4,6,11,16,11,11,7,13,N,Y,F,Middle TN,,
CUMV,88376,5,62,48,4,6,12,17,12,12,7,14,Y,N,M,Middle TN,,
MMNS,23751,1,33,47,4,6,11,16,10,11,5,13,N,N,M,Middle TN,,
MMNS,23751,2,37,48,4,6,11,17,11,12,6,13,N,N,M,Middle TN,,
MMNS,23751,3,36,45,4,6,11,17,11,11,6,14,N,N,M,Middle TN,,
MMNS,23751,4,33,49,4,6,12,16,10,12,5,13,N,N,M,Middle TN,,
MMNS,23751,5,36,49,4,6,12,17,10,11,5,14,N,N,F,Middle TN,,
MMNS,23751,6,37,47,4,6,12,17,10,11,5,13,N,N,F,Middle TN,,
KU,31131,1,48,51,5,7,14,18,12,12,8,15,N,N,M,Duck,,
KU,21469,1,40,44,4,8,14,19,10,11,7,13,N,N,F,Lower TN,,
YPM,22778,1,40,52,4,6,11,17,11,13,6,12,N,Y,F,Lower TN,,
YPM,22778,2,44,48,4,8,13,18,11,12,7,14,N,N,M,Lower TN,,
YPM,22778,3,42,49,5,7,13,17,11,11,7,14,N,N,F,Lower TN,,
YPM,22778,4,44,48,5,7,12,16,11,12,7,14,Y,Y,M,Lower TN,,
YPM,22778,5,47,49,4,7,12,16,11,12,7,13,Y,Y,M,Lower TN,,
YPM,22824,1,53,50,4,7,13,19,12,12,7,12,Y,Y,M,Lower TN,,
YPM,22824,2,53,52,4,7,13,19,12,13,7,13,Y,Y,M,Lower TN,,
YPM,22824,3,56,49,4,8,14,16,12,12,7,13,Y,Y,M,Lower TN,,
NCSM,83683,1,48,43,4,6,11,17,11,12,7,12,Y,N,M,Sequatchie,,
NCSM,83683,2,44,46,4,7,12,18,11,11,5,14,N,N,F,Sequatchie,,
NCSM,83683,3,43,44,4,7,11,18,11,12,7,12,N,N,F,Sequatchie,,
AUM,6129,1,43,48,4,6,11,17,10,11,6,14,N,N,F,Lower TN,,
AUM,6129,2,49,51,5,6,12,17,11,11,7,14,Y,Y,M,Lower TN,,
AUM,6129,3,52,48,5,6,12,17,11,11,7,13,Y,N,M,Lower TN,,
AUM,17870,1,45,48,5,8,14,20,12,11,7,14,N,N,F,Middle TN,,
AUM,17870,2,50,49,4,6,12,16,10,12,7,12,Y,N,M,Middle TN,,
YPM,16740,1,38,48,4,6,11,17,12,11,7,14,Y,N,F,Lower TN,,
YPM,16740,2,42,49,4,7,12,18,11,11,7,13,N,N,F,Lower TN,,
YPM,16740,3,38,48,4,6,11,17,11,11,6,13,N,N,F,Lower TN,,
YPM,16740,4,38,48,4,6,12,17,11,12,6,14,Y,Y,M,Lower TN,,
YPM,16740,5,38,50,4,6,11,17,11,11,7,13,Y,N,F,Lower TN,,
YPM,16740,6,39,50,4,6,12,17,11,12,6,14,N,N,F,Lower TN,,
YPM,16740,7,39,50,4,6,11,16,11,12,7,13,Y,N,F,Lower TN,,
YPM,16740,8,42,50,4,7,12,17,12,11,6,13,Y,Y,M,Lower TN,,
YPM,16740,9,48,49,4,7,13,20,11,12,6,14,N,Y,M,Lower TN,,
YPM,16740,10,42,51,4,6,11,17,11,12,8,14,Y,Y,M,Lower TN,,
YPM,16740,11,45,49,4,7,13,18,12,12,7,14,Y,Y,M,Lower TN,,
YPM,16740,12,47,50,4,6,12,17,12,12,7,14,Y,N,M,Lower TN,,
YPM,16740,13,47,49,4,7,13,17,12,12,7,13,Y,N,M,Lower TN,,
YPM,16740,14,45,47,4,7,13,18,10,11,6,13,Y,Y,M,Lower TN,,
YPM,16740,15,47,49,4,7,13,18,11,12,7,15,Y,Y,M,Lower TN,,
YPM,16740,16,47,50,4,7,13,17,12,11,7,12,Y,Y,M,Lower TN,,
YPM,16740,17,47,50,4,6,12,17,12,12,7,14,Y,N,M,Lower TN,,
YPM,16740,18,49,50,4,7,12,16,12,11,6,14,Y,Y,M,Lower TN,,
YPM,16740,19,51,49,4,6,12,16,12,11,7,13,Y,Y,M,Lower TN,,
YPM,16740,20,52,54,4,7,13,17,12,12,7,14,Y,N,M,Lower TN,,
TU,187595,1,42,50,4,7,14,19,11,11,6,14,N,N,F,Elk,,
TU,187595,2,43,50,5,7,13,19,10,10,6,14,N,N,F,Elk,,
TU,187595,3,46,47,6,7,14,18,10,12,7,15,N,Y,F,Elk,,
TU,187595,4,45,45,5,6,12,17,10,11,6,14,N,Y,F,Elk,,
TU,187595,6,43,48,5,6,12,18,10,11,6,15,N,N,F,Elk,,
TU,187595,7,40,44,5,6,12,18,11,11,7,15,N,N,F,Elk,,
TU,187595,8,46,45,5,8,15,18,11,12,6,16,N,N,F,Elk,,
TU,187595,9,46,49,5,7,13,19,11,12,7,13,Y,N,F,Elk,,
TU,187595,10,44,48,5,7,13,18,11,11,6,13,N,N,F,Elk,,
TU,187595,11,54,52,5,7,13,17,10,12,7,13,Y,N,M,Elk,,
TU,187595,12,51,49,4,6,12,18,11,12,7,14,Y,N,M,Elk,,
TU,187595,13,52,51,5,7,14,19,12,13,7,15,Y,N,M,Elk,,
AUM,4124,1,31,45,4,7,11,17,11,10,7,14,N,N,M,Lower TN,,
AUM,3888,1,44,48,4,6,12,16,11,12,6,13,N,N,F,Lower TN,,
OSUM,85126,7,31,50,4,6,12,17,11,11,6,14,N,N,F,Sequatchie,,
OSUM,85126,8,34,47,4,7,13,19,11,11,6,13,N,N,F,Sequatchie,,
OSUM,85126,11,44,46,4,6,12,16,11,11,6,12,Y,Y,F,Sequatchie,,
OSUM,85126,12,39,46,4,6,12,17,11,12,7,13,N,Y,F,Sequatchie,,
OSUM,85126,13,40,43,4,6,11,16,11,11,6,14,N,N,F,Sequatchie,,
OSUM,85126,14,41,50,4,7,13,17,11,12,7,13,N,Y,M,Sequatchie,,
OSUM,85126,15,38,49,4,6,12,17,11,11,7,13,N,Y,M,Sequatchie,,
OSUM,85126,16,39,50,4,6,12,17,12,11,7,12,Y,Y,M,Sequatchie,,
OSUM,85126,18,45,49,4,6,11,16,11,11,6,,N,N,F,Sequatchie,,
YPM,20700,1,39,51,5,7,12,17,10,12,7,14,N,N,F,,,
YPM,20700,2,40,51,4,7,12,18,11,11,7,14,N,N,F,,,
YPM,20700,3,43,51,5,8,14,18,11,11,7,15,N,N,F,,,
YPM,20700,4,46,49,5,7,13,19,11,12,7,14,Y,N,M,,,
YPM,20700,5,44,50,4,7,13,18,11,12,7,14,N,N,M,,,
YPM,20700,6,43,52,5,9,15,17,11,11,6,15,N,N,F,,,
YPM,20700,7,45,54,4,7,13,18,10,12,7,13,N,N,M,,,
OSUM,34358,1,41,53,5,8,15,20,11,11,7,13,N,N,F,,,
OSUM,34358,2,51,52,5,8,14,19,10,12,7,14,N,N,M,,,
OSUM,34358,3,44,50,5,8,14,18,11,10,7,15,N,N,M,,,
OSUM,34358,4,49,52,5,7,14,18,11,11,8,14,Y,N,M,,,
TU,35018,1,28,51,4,7,12,16,11,11,7,14,N,N,F,,,
TU,35018,2,37,45,4,6,12,16,10,12,7,15,N,N,F,,,
TU,35018,3,29,48,4,6,12,15,11,11,6,13,N,N,F,,,
TU,35018,4,30,46,4,6,11,17,11,11,7,13,N,N,F,,,
TU,35018,5,31,50,4,6,11,17,11,11,7,14,N,N,F,,,
TU,35018,6,32,48,4,6,12,17,11,12,7,14,N,N,M,,,
TU,35018,7,33,52,4,6,11,17,11,11,6,13,N,N,F,,,
TU,35018,8,37,45,4,6,11,15,11,11,7,14,Y,N,M,,,
TU,35018,9,32,44,4,6,11,18,11,10,7,13,N,N,F,,,
TU,35018,10,35,46,4,6,12,18,10,11,7,14,N,N,M,,,
TU,35018,11,33,46,4,6,12,16,11,11,7,13,N,N,F,,,
TU,35018,12,34,48,4,6,11,16,11,11,7,14,N,N,F,,,
TU,35018,13,37,48,4,6,11,17,10,11,6,13,N,N,F,,,
TU,35018,14,32,46,4,6,11,16,11,11,7,13,N,N,F,,,
TU,35018,15,42,46,4,6,11,16,11,10,7,13,N,N,F,,,
TU,35018,16,39,47,4,6,11,17,9,11,7,13,N,N,F,,,
TU,35018,17,37,46,4,6,11,16,11,11,7,13,N,N,F,,,
TU,35018,18,40,46,4,6,10,15,11,12,7,13,N,N,F,,,
TU,35018,19,37,49,4,6,11,16,11,12,7,13,Y,Y,F,,,
TU,35018,20,39,47,4,6,11,16,11,11,7,13,N,N,F,,,
TU,35018,21,40,45,4,6,11,15,11,12,7,13,Y,N,M,,,
TU,35018,22,41,53,4,6,11,17,11,11,6,13,Y,N,M,,,
TU,35018,23,40,48,4,6,11,15,11,11,6,13,Y,N,M,,,
TU,35018,24,46,49,4,6,11,18,11,12,6,14,Y,N,F,,,
TU,35018,25,45,46,4,6,11,17,11,11,7,14,N,N,F,,,
TU,35018,26,45,46,4,6,11,16,11,11,7,14,N,N,F,,,
TU,35018,27,48,49,4,7,12,19,10,11,7,13,Y,N,M,,,
TU,35018,28,49,54,5,8,14,17,11,12,7,13,Y,N,M,,,
TU,35018,29,53,46,5,6,11,16,11,11,7,14,Y,N,M,,,
NCSM,83925,1,35,50,5,6,12,17,11,11,6,13,N,N,F,,,
NCSM,83925,2,39,49,5,7,13,18,11,10,7,13,N,N,F,,,
NCSM,83925,3,38,45,5,7,13,18,11,12,7,13,N,N,F,,,
NCSM,83925,4,37,49,5,6,12,18,10,11,7,14,N,N,F,,,
NCSM,83925,5,40,48,5,8,15,18,10,11,6,13,N,N,F,,"""9"" Tag in opercle ",
NCSM,83925,6,40,51,5,8,15,18,11,10,7,15,N,N,F,,,
NCSM,83925,7,40,52,5,7,13,17,12,10,6,13,N,N,F,,"""6"" Tag in opercle",
NCSM,83925,8,39,51,5,7,13,18,11,10,7,15,N,N,F,,,
NCSM,83925,9,38,52,5,7,12,18,10,11,6,13,N,N,F,,,
NCSM,83925,10,39,49,4,6,12,17,11,11,6,14,N,N,F,,"""25"" Tag in opercle",
NCSM,83925,11,39,47,5,7,13,17,11,11,7,13,N,N,F,,"""18"" Tag in opercle",
NCSM,83925,12,40,49,5,8,13,18,11,11,7,14,N,N,F,,"""30"" Tag in opercle",
NCSM,83925,13,37,51,5,7,13,18,10,10,7,15,N,N,F,,,
NCSM,83925,14,45,48,5,7,13,18,12,10,6,13,N,N,F,,,
NCSM,83925,15,41,50,5,7,13,17,11,11,7,15,N,N,F,,"""27"" Tag in opercle",
NCSM,83925,16,40,51,5,7,13,17,12,10,7,14,N,N,F,,"""16"" Tag in opercle",
NCSM,83925,17,37,51,5,8,14,17,11,9,6,14,N,N,F,,"""17"" Tag in opercle",
NCSM,83925,18,37,45,5,7,13,17,11,11,5,14,N,N,F,,,
NCSM,83925,19,39,47,5,7,13,18,11,11,6,15,N,N,F,,,
NCSM,83925,20,40,50,5,7,13,18,10,12,7,14,N,N,M,,,
NCSM,83925,21,40,50,5,7,13,17,11,11,7,14,N,N,F,,"""10"" Tag in opercle",
NCSM,83925,22,39,47,5,7,13,18,10,11,6,14,N,N,F,,"""14"" Tag in opercle",
NCSM,83925,23,44,49,5,8,14,18,11,11,7,14,N,N,M,,"""13"" Tag in opercle",
NCSM,83925,24,43,54,5,7,13,16,11,11,7,14,N,N,F,,"""8"" Tag in opercle",
NCSM,83925,25,44,50,5,8,14,17,11,11,7,13,N,N,F,,"""26"" Tag in opercle",
NCSM,83925,26,44,50,5,6,12,18,11,11,7,13,N,N,F,,"""5"" Tag in opercle",
NCSM,83925,27,45,52,5,7,14,19,11,10,6,15,N,N,F,,"""1"" Tag in opercle",
NCSM,83925,28,43,49,5,8,14,18,11,11,8,14,N,N,F,,"""4"" Tag in opercle",
NCSM,83925,29,45,50,4,8,14,17,11,11,6,14,N,N,F,,"""20"" Tag in opercle",
NCSM,83925,30,46,43,5,6,12,18,11,11,7,14,N,N,F,,"""11"" Tag in opercle",
NCSM,83925,31,47,47,5,8,15,20,11,11,7,13,N,N,M,,,
NCSM,83925,32,45,47,5,8,15,17,9,11,7,14,N,N,M,,"""21"" Tag in opercle",
NCSM,83925,33,46,55,5,8,14,17,10,11,7,14,N,N,F,,"""29"" Tag in opercle",
NCSM,83925,34,46,51,5,8,14,18,11,11,6,14,N,N,F,,"""23"" Tag in opercle",
NCSM,83925,35,48,49,5,7,13,18,11,10,7,13,N,N,F,,"""28"" Tag inopercle",
NCSM,83925,36,47,54,5,8,15,18,10,11,7,14,N,N,F,,"""24"" Tag in opercle",
NCSM,83925,37,48,48,5,7,13,18,11,10,6,14,N,N,F,,"""7"" Tag in opercle",
NCSM,83925,38,47,54,5,8,14,18,12,10,7,14,N,N,M,,"""12"" Tag in opercle",
NCSM,83925,39,52,49,5,7,13,19,11,11,7,13,N,N,M,,"""3"" Tag in opercle",
NCSM,83925,40,52,50,5,7,13,18,11,11,7,13,N,N,M,,"""15"" Tag in opercle",
NCSM,83925,41,53,51,5,7,13,17,11,11,7,13,N,N,M,,"""2"" Tag in opercle",